{"cameraMode":{"drawMode":0,"name":"Shaded","section":"Shading Mode"},"sceneLighting":true,"audioPlay":false,"sceneViewState":{"m_AlwaysRefresh":false,"showFog":true,"showSkybox":true,"showFlares":true,"showImageEffects":true,"showParticleSystems":true,"showVisualEffectGraphs":true,"m_FxEnabled":true},"in2DMode":false,"pivot":{"x":11.407822608947754,"y":-16.987943649291993,"z":8.841781616210938},"rotation":{"x":-0.20172449946403504,"y":-0.13817094266414643,"z":0.028757045045495034,"w":-0.9692267179489136},"size":22.608068466186525,"orthographic":false}